{
  "ks_median": {
    "exponential": {
      "1": [
        0.03360810456975233,
        0.03270905042756275,
        0.02973919402296643,
        0.028082693396857095,
        0.027190588030106266,
        0.02655443700312532,
        0.025921511217436383
      ],
      "5": [
        0.03359443302683532,
        0.03243759161182033,
        0.029902579715878716,
        0.028261516376756612,
        0.02705079850326983,
        0.026576947969818257,
        0.026230220421436377
      ],
      "10": [
        0.031485652033896264,
        0.031341433874809616,
        0.0296010813260959,
        0.028152166600823758,
        0.026998748425659025,
        0.026412312356005274,
        0.02622115857819285
      ]
    },
    "gaussian": {
      "1": [
        0.026300098579421005,
        0.026090686817732814,
        0.025840244063182027,
        0.026092023912388795,
        0.026352038402498945,
        0.026119213342839953,
        0.025864691696103365
      ],
      "5": [
        0.026485883896456452,
        0.026408261792307444,
        0.025934116572792765,
        0.026059752422579907,
        0.02601643645015042,
        0.02601989019062595,
        0.026108751269049657
      ],
      "10": [
        0.026307988448289077,
        0.02617004197466838,
        0.025950927867288864,
        0.02615335298001409,
        0.026124042044622237,
        0.02612083686826497,
        0.02600566422242956
      ]
    },
    "lognormal": {
      "1": [
        0.05397591588690426,
        0.06258980077888132,
        0.05939793477689995,
        0.05423707845820214,
        0.04944039469852582,
        0.036057146738666446,
        0.02689136361083655
      ],
      "5": [
        0.0528776202878663,
        0.061459421115533985,
        0.05970430230175905,
        0.05416564812422636,
        0.045632559279966844,
        0.03580319851615066,
        0.02659117634260444
      ],
      "10": [
        0.047723715478656975,
        0.05485243002388565,
        0.057956135198358405,
        0.05279214222452966,
        0.04076638693498877,
        0.033476398219630055,
        0.026731014135489894
      ]
    },
    "pareto": {
      "1": [
        0.05908079669230254,
        0.07027870137673564,
        0.06949890286691893,
        0.06744545634025884,
        0.06466239404622948,
        0.05196176564345659,
        0.03452430432059206
      ],
      "5": [
        0.058342772092142225,
        0.06868349679261837,
        0.07127671694847165,
        0.0687158123395418,
        0.059900591912326634,
        0.05077244798548994,
        0.03247714029028581
      ],
      "10": [
        0.05023894479245958,
        0.062410009588689364,
        0.06942986014514319,
        0.06565449768181508,
        0.054279250448344196,
        0.0454477849077528,
        0.03290527498958916
      ]
    },
    "rademacher": {
      "1": [
        0.026253881329097756,
        0.026236571448426393,
        0.026321848560931588,
        0.025855459155440602,
        0.025664236534481466,
        0.02627868792443075,
        0.025789257482108585
      ],
      "5": [
        0.026313003300430654,
        0.026148904520339272,
        0.026034006633421647,
        0.026226741182513058,
        0.026109965121330417,
        0.02605045719863186,
        0.02639738005623571
      ],
      "10": [
        0.026439906984976322,
        0.026055303258297052,
        0.025948740685644928,
        0.026057971418592424,
        0.02624673689400167,
        0.025999123199618446,
        0.0252093642129404
      ]
    },
    "t": {
      "1": [
        0.02698453442956822,
        0.027963868788964896,
        0.027980899832997258,
        0.02745634922290227,
        0.02738821262712357,
        0.026640845457303164,
        0.026269348494817893
      ],
      "5": [
        0.027069417407096952,
        0.02770617738668482,
        0.02792433849946313,
        0.02766046638757147,
        0.027168519343201913,
        0.02680579842813846,
        0.026284917694240573
      ],
      "10": [
        0.026775350012436666,
        0.027070602152360568,
        0.02746417638154723,
        0.02765235470516765,
        0.02716968284578665,
        0.0266126507659315,
        0.02612863681553912
      ]
    }
  },
  "ks_to_plot": [
    1,
    5,
    10
  ],
  "maxw_median": {
    "exponential": {
      "1": [
        0.44500544361294037,
        0.38929063319604235,
        0.30633488663047614,
        0.2486817450230558,
        0.19777638877715883,
        0.11102639925639796,
        0.03441474637205816
      ],
      "5": [
        0.448617673736565,
        0.3882489905791292,
        0.3079151977802683,
        0.24813609091985567,
        0.1901628171316111,
        0.10971465183814952,
        0.03338301252522993
      ],
      "10": [
        0.43164376863395193,
        0.37324263618764325,
        0.3049494718222786,
        0.24422835530032114,
        0.18155635178661414,
        0.10464088972977573,
        0.03345010852570614
      ]
    },
    "gaussian": {
      "1": [
        0.3492182195077369,
        0.2705693074245298,
        0.18891765480433398,
        0.14298525423015077,
        0.10699715399067392,
        0.05385455009602326,
        0.014224706235440891
      ],
      "5": [
        0.35029021263627486,
        0.2722068959305136,
        0.1895730510209149,
        0.14286613937642628,
        0.10854051847914822,
        0.053639222911280815,
        0.014201092517421838
      ],
      "10": [
        0.35161470392704397,
        0.27294473263906255,
        0.18926864852607017,
        0.14158376674431172,
        0.10830424884200618,
        0.052363752467215224,
        0.014315050418221958
      ]
    },
    "lognormal": {
      "1": [
        0.5278358543570755,
        0.5171673437837083,
        0.4383922302061294,
        0.38671775282234067,
        0.34527037705160535,
        0.23994522784779992,
        0.11133297462608453
      ],
      "5": [
        0.5231275548245542,
        0.5047021604295862,
        0.44144250966047177,
        0.39142677155447736,
        0.3225301395023573,
        0.23568745797510138,
        0.10335701830621642
      ],
      "10": [
        0.5041432269222343,
        0.4745914640687893,
        0.438341896423479,
        0.38201227386435377,
        0.29247187540178665,
        0.21299605933927956,
        0.10276446002489242
      ]
    },
    "pareto": {
      "1": [
        0.5365967379942393,
        0.5414605076373049,
        0.4698369129082418,
        0.42903128179701866,
        0.3978456698196259,
        0.3035589427908223,
        0.1893709598330702
      ],
      "5": [
        0.5327406476760403,
        0.5269566216751687,
        0.47660804279533975,
        0.4338972614023491,
        0.36502072769181426,
        0.3023216958585346,
        0.16818346993371971
      ],
      "10": [
        0.5017715958353672,
        0.4924442780113608,
        0.4679794490052286,
        0.419187695308345,
        0.3305336804659293,
        0.26700337072508074,
        0.17266636230393365
      ]
    },
    "rademacher": {
      "1": [
        0.2778744961582908,
        0.18393044868854827,
        0.09931023584730567,
        0.06429507217086977,
        0.04292888942154323,
        0.016714562914897056,
        0.003311313491346347
      ],
      "5": [
        0.2801215096604879,
        0.18259729724072354,
        0.09953068793387344,
        0.0643880240921797,
        0.04323981596672242,
        0.016653530763385237,
        0.0033130591278945306
      ],
      "10": [
        0.29732926019086015,
        0.19323116948883876,
        0.10458112146601628,
        0.06741818592722451,
        0.0450735927345299,
        0.017093729759129546,
        0.003326241272293633
      ]
    },