{
  "M": 1000,
  "n": 300,
  "p": 10000,
  "s": 10,
  "SNR": 1.0,
  "K": 20,
  "T_stop": 20,
  "L_list": [
    5,
    10,
    20
  ],
  "seed": 123,
  "alpha": [
    0.05,
    0.05862068965517242,
    0.06724137931034482,
    0.07586206896551724,
    0.08448275862068966,
    0.09310344827586207,
    0.10172413793103449,
    0.1103448275862069,
    0.11896551724137931,
    0.12758620689655173,
    0.13620689655172413,
    0.14482758620689656,
    0.15344827586206897,
    0.16206896551724137,
    0.1706896551724138,
    0.17931034482758623,
    0.1879310344827586,
    0.19655172413793104,
    0.20517241379310347,
    0.21379310344827585,
    0.22241379310344828,
    0.2310344827586207,
    0.23965517241379308,
    0.2482758620689655,
    0.25689655172413794,
    0.2655172413793103,
    0.27413793103448275,
    0.2827586206896552,
    0.29137931034482756,
    0.3
  ]
}